sku_id,category,supplier_id,on_hand_qty,inventory_value,pct_of_total_value,rank_in_category,months_of_supply
SKU-00890,Plumbing,SUP-007,2096,466632.48,2.7,1,12.3
SKU-03334,Electrical,SUP-003,4322,244711.64,1.42,1,4.9
SKU-03237,Janitorial & Facility,SUP-050,54601,192195.52,1.11,1,7.4
SKU-01943,Electrical,SUP-027,2321,183451.84,1.06,2,5.7
SKU-02516,Janitorial & Facility,SUP-029,5112,131480.64,0.76,2,45.7
SKU-03113,Electrical,SUP-003,2433,126224.04,0.73,3,
SKU-00995,Plumbing,SUP-010,3966,122708.04,0.71,2,9.5
SKU-01921,Electrical,SUP-034,1416,112133.04,0.65,4,1.5
SKU-04712,HVAC & Climate,SUP-041,1174,110414.7,0.64,1,8.1
SKU-04628,Electrical,SUP-034,13723,109097.85,0.63,5,3.9
SKU-03371,Janitorial & Facility,SUP-016,8063,107399.16,0.62,3,5.3
SKU-03160,HVAC & Climate,SUP-041,459,93424.86,0.54,2,3.9
SKU-02618,HVAC & Climate,SUP-021,224,91519.68,0.53,3,4.0
SKU-01913,Janitorial & Facility,SUP-046,5425,90868.75,0.53,4,3.4
SKU-00444,Janitorial & Facility,SUP-013,1592,90266.4,0.52,5,4.1
SKU-04641,Janitorial & Facility,SUP-005,39931,87448.89,0.51,6,6.7
SKU-00912,Plumbing,SUP-007,3825,86904.0,0.5,3,4.1
SKU-00701,Electrical,SUP-023,894,86896.8,0.5,6,2.2
SKU-02553,Electrical,SUP-003,2949,77322.78,0.45,7,2.5
SKU-01605,HVAC & Climate,SUP-022,136,72041.92,0.42,4,9.5
