sku_id,category,supplier_id,on_hand_qty,open_po_qty,avg_daily_demand,days_of_supply,next_promised_date,days_until_next_supply,outlook,monthly_revenue_at_stake
SKU-04771,Power Tools & Accessories,SUP-029,0,418.0,3.32,0.0,2026-01-18,18,RUNS OUT BEFORE NEXT SUPPLY,24452.08
SKU-02821,Plumbing,SUP-007,0,1504.0,10.37,0.0,2025-11-15,-46,OPEN PO OVERDUE - CHASE SUPPLIER,19248.66
SKU-01035,Electrical,SUP-017,0,0.0,11.3,0.0,,15,RUNS OUT BEFORE NEXT SUPPLY,18931.46
SKU-01071,Janitorial & Facility,SUP-046,0,0.0,121.02,0.0,,88,RUNS OUT BEFORE NEXT SUPPLY,17263.89
SKU-00569,Plumbing,SUP-033,0,284.0,2.4,0.0,2026-01-09,9,RUNS OUT BEFORE NEXT SUPPLY,16965.2
SKU-00050,Electrical,SUP-027,0,0.0,5.57,0.0,,23,RUNS OUT BEFORE NEXT SUPPLY,14744.81
SKU-04844,Electrical,SUP-023,0,0.0,14.65,0.0,,22,RUNS OUT BEFORE NEXT SUPPLY,10901.01
SKU-01050,Janitorial & Facility,SUP-029,0,4615.0,30.44,0.0,2025-12-19,-12,OPEN PO OVERDUE - CHASE SUPPLIER,10295.27
SKU-01408,Janitorial & Facility,SUP-013,0,1452.0,13.17,0.0,2026-01-24,24,RUNS OUT BEFORE NEXT SUPPLY,9888.45
SKU-01121,Safety & PPE,SUP-026,0,3204.0,19.68,0.0,2026-01-27,27,RUNS OUT BEFORE NEXT SUPPLY,8576.51
SKU-02916,Hand Tools,SUP-041,0,0.0,2.32,0.0,,8,RUNS OUT BEFORE NEXT SUPPLY,7904.07
SKU-03223,Plumbing,SUP-039,0,168.0,5.98,0.0,2025-12-25,-6,OPEN PO OVERDUE - CHASE SUPPLIER,6838.75
SKU-01369,Safety & PPE,SUP-022,0,0.0,1.04,0.0,,19,RUNS OUT BEFORE NEXT SUPPLY,6691.86
SKU-02743,Plumbing,SUP-028,0,345.0,3.51,0.0,2026-01-21,21,RUNS OUT BEFORE NEXT SUPPLY,6568.11
SKU-04206,Safety & PPE,SUP-022,0,0.0,25.82,0.0,,20,RUNS OUT BEFORE NEXT SUPPLY,6166.18
SKU-04905,Plumbing,SUP-047,0,276.0,11.35,0.0,2026-01-16,16,RUNS OUT BEFORE NEXT SUPPLY,5857.48
SKU-00573,Janitorial & Facility,SUP-013,0,5150.0,36.48,0.0,2025-12-28,-3,OPEN PO OVERDUE - CHASE SUPPLIER,5547.5
SKU-04188,Hand Tools,SUP-041,0,0.0,2.84,0.0,,6,RUNS OUT BEFORE NEXT SUPPLY,5337.99
SKU-02898,Janitorial & Facility,SUP-029,0,0.0,6.35,0.0,,73,RUNS OUT BEFORE NEXT SUPPLY,4786.67
SKU-03122,Janitorial & Facility,SUP-046,0,4550.0,22.25,0.0,2026-01-23,23,RUNS OUT BEFORE NEXT SUPPLY,4690.45
SKU-02728,Electrical,SUP-017,0,0.0,8.92,0.0,,13,RUNS OUT BEFORE NEXT SUPPLY,4238.34
SKU-00699,Fasteners & Fixings,SUP-008,0,900.0,19.81,0.0,2025-11-16,-45,OPEN PO OVERDUE - CHASE SUPPLIER,4084.95
SKU-01352,Power Tools & Accessories,SUP-029,0,73.0,0.75,0.0,2025-11-22,-39,OPEN PO OVERDUE - CHASE SUPPLIER,3931.53
SKU-03845,Electrical,SUP-034,0,0.0,7.94,0.0,,21,RUNS OUT BEFORE NEXT SUPPLY,3702.2
SKU-04538,Hand Tools,SUP-007,0,480.0,4.74,0.0,2025-11-16,-45,OPEN PO OVERDUE - CHASE SUPPLIER,3697.88
