sku_id,category,supplier_id,on_hand_qty,open_po_qty,allocated_qty,inventory_position,screening_reorder_point,shortfall_qty,shortfall_value,skus_below_rop
SKU-01738,Janitorial & Facility,SUP-050,641,0.0,75,566.0,4119.2,3553.2,116330.97,2329
SKU-03858,Safety & PPE,SUP-022,553,0.0,86,467.0,2805.6,2338.6,115947.52,2329
SKU-02042,Safety & PPE,SUP-022,706,0.0,197,509.0,2693.7,2184.7,105588.41,2329
SKU-01071,Janitorial & Facility,SUP-046,0,0.0,0,0.0,31389.6,31389.6,96052.2,2329
SKU-01921,Electrical,SUP-034,1416,0.0,69,1347.0,2208.8,861.8,68244.12,2329
SKU-00444,Janitorial & Facility,SUP-013,1592,0.0,107,1485.0,2685.6,1200.6,68076.22,2329
SKU-00050,Electrical,SUP-027,0,0.0,0,0.0,1202.7,1202.7,67879.46,2329
SKU-00762,Power Tools & Accessories,SUP-049,35,0.0,7,28.0,164.9,136.9,59709.16,2329
SKU-00404,Electrical,SUP-045,1605,0.0,121,1484.0,4453.9,2969.9,59369.21,2329
SKU-00701,Electrical,SUP-023,894,0.0,21,873.0,1372.6,499.6,48557.02,2329
SKU-01913,Janitorial & Facility,SUP-046,5425,0.0,126,5299.0,8018.2,2719.2,45545.85,2329
SKU-02553,Electrical,SUP-003,2949,0.0,62,2887.0,4622.4,1735.4,45501.99,2329
SKU-01035,Electrical,SUP-017,0,0.0,0,0.0,1152.6,1152.6,44699.54,2329
SKU-04710,Electrical,SUP-017,84,0.0,81,3.0,1012.1,1009.1,43965.52,2329
SKU-01088,Power Tools & Accessories,SUP-011,90,0.0,8,82.0,526.1,444.1,33437.86,2329
SKU-01946,Janitorial & Facility,SUP-050,1850,0.0,184,1666.0,4998.9,3332.9,32862.41,2329
SKU-02002,Electrical,SUP-034,139,0.0,52,87.0,1092.4,1005.4,30544.86,2329
SKU-04159,Electrical,SUP-031,453,0.0,0,453.0,877.0,424.0,27965.6,2329
SKU-00662,Safety & PPE,SUP-022,2450,0.0,42,2408.0,3488.8,1080.8,27441.65,2329
SKU-04844,Electrical,SUP-023,0,0.0,0,0.0,1520.4,1520.4,26090.33,2329
SKU-02233,HVAC & Climate,SUP-022,10,0.0,10,0.0,236.0,236.0,26060.89,2329
SKU-02898,Janitorial & Facility,SUP-029,0,0.0,0,0.0,1353.2,1353.2,25224.35,2329
SKU-00928,Plumbing,SUP-033,62,0.0,16,46.0,1050.6,1004.6,25013.81,2329
SKU-00480,Plumbing,SUP-030,25,0.0,12,13.0,602.0,589.0,23966.01,2329
SKU-02580,Fasteners & Fixings,SUP-005,4842,3750.0,57,8535.0,14036.0,5501.0,23874.38,2329
