otif_rank,supplier_id,region,otif_lines,otif_pct,fill_rate_pct,avg_days_late,spend
1,SUP-038,Domestic,15,100.0,100.0,0.0,18066.0
2,SUP-048,Domestic,410,98.8,100.0,0.1,1821586.0
3,SUP-036,Domestic,157,98.1,99.9,0.1,659113.0
4,SUP-045,Domestic,2065,97.7,100.0,0.2,6442841.0
5,SUP-027,Domestic,904,96.9,99.7,0.4,4322709.0
6,SUP-030,Domestic,517,95.9,100.0,0.5,1611702.0
7,SUP-050,Domestic,594,94.8,99.9,0.8,2950453.0
8,SUP-037,Domestic,406,94.6,100.0,1.0,1285170.0
9,SUP-016,Domestic,510,94.5,99.9,0.3,2379519.0
10,SUP-001,Domestic,710,94.2,100.0,0.5,1383891.0
11,SUP-046,Import,883,93.9,99.7,1.0,3107015.0
12,SUP-034,Domestic,1424,93.2,99.7,0.9,5602301.0
13,SUP-042,Domestic,133,91.7,100.0,0.6,453010.0
14,SUP-019,Domestic,102,91.2,100.0,0.6,591384.0
15,SUP-017,Domestic,684,90.1,99.9,1.0,2039114.0
