sku_id,category,supplier_id,lifecycle_status,on_hand_qty,inventory_value,last_demand_month,months_since_last_demand,still_on_order,dead_stock_candidates,total_dead_stock_value
SKU-03113,Electrical,SUP-003,ACTIVE,2433,126224.04,2024-09-01,15.0,0.0,238,965009.0
SKU-04896,Electrical,SUP-023,ACTIVE,2581,69764.43,2025-04-01,8.0,0.0,238,965009.0
SKU-03264,Safety & PPE,SUP-019,DISCONTINUED,8639,60732.17,2025-05-01,7.0,0.0,238,965009.0
SKU-02871,Janitorial & Facility,SUP-029,DISCONTINUED,1917,43535.07,2024-10-01,14.0,0.0,238,965009.0
SKU-04930,Safety & PPE,SUP-043,ACTIVE,4553,23083.71,2025-06-01,6.0,0.0,238,965009.0
SKU-02271,Fasteners & Fixings,SUP-015,ACTIVE,54538,22905.96,2024-12-01,12.0,0.0,238,965009.0
SKU-04543,Electrical,SUP-045,ACTIVE,544,21934.08,2025-02-01,10.0,0.0,238,965009.0
SKU-00428,Janitorial & Facility,SUP-001,DISCONTINUED,3596,21899.64,2025-01-01,11.0,0.0,238,965009.0
SKU-00459,Electrical,SUP-034,DISCONTINUED,390,15865.2,2024-06-01,18.0,0.0,238,965009.0
SKU-04827,Electrical,SUP-045,ACTIVE,226,13555.48,2025-03-01,9.0,0.0,238,965009.0
SKU-00974,Fasteners & Fixings,SUP-024,DISCONTINUED,47654,13343.12,2025-05-01,7.0,0.0,238,965009.0
SKU-01406,Hand Tools,SUP-021,DISCONTINUED,552,12811.92,2025-06-01,6.0,0.0,238,965009.0
SKU-03935,Janitorial & Facility,SUP-013,DISCONTINUED,1987,12756.54,2024-07-01,17.0,0.0,238,965009.0
SKU-04568,HVAC & Climate,SUP-021,ACTIVE,436,12164.4,2025-06-01,6.0,0.0,238,965009.0
SKU-04190,Electrical,SUP-023,ACTIVE,1956,11970.72,2025-05-01,7.0,0.0,238,965009.0
SKU-00323,Safety & PPE,SUP-026,ACTIVE,257,11125.53,2024-11-01,13.0,0.0,238,965009.0
SKU-04848,Plumbing,SUP-016,ACTIVE,399,9408.42,2024-12-01,12.0,0.0,238,965009.0
SKU-00916,Power Tools & Accessories,SUP-037,ACTIVE,149,9316.97,2025-04-01,8.0,0.0,238,965009.0
SKU-03851,Plumbing,SUP-049,ACTIVE,1609,9155.21,2024-12-01,12.0,0.0,238,965009.0
SKU-00798,Power Tools & Accessories,SUP-049,DISCONTINUED,307,8924.49,2024-08-01,16.0,0.0,238,965009.0
SKU-01669,Plumbing,SUP-033,DISCONTINUED,96,8877.12,2025-03-01,9.0,0.0,238,965009.0
SKU-04120,Safety & PPE,SUP-026,ACTIVE,1291,8662.61,2025-02-01,10.0,0.0,238,965009.0
SKU-02057,HVAC & Climate,SUP-021,ACTIVE,126,8380.26,2024-12-01,12.0,0.0,238,965009.0
SKU-04401,Safety & PPE,SUP-026,ACTIVE,354,8159.7,2025-03-01,9.0,0.0,238,965009.0
SKU-04748,HVAC & Climate,SUP-037,DISCONTINUED,251,7675.58,2025-02-01,10.0,0.0,238,965009.0
