spend_rank,supplier_id,region,skus_purchased,spend,spend_share_pct,cumulative_share_pct
1,SUP-022,Domestic,474,13718192.0,12.1,12.1
2,SUP-045,Domestic,285,6442841.0,5.7,17.8
3,SUP-034,Domestic,189,5602301.0,4.9,22.7
4,SUP-010,Domestic,264,5110928.0,4.5,27.2
5,SUP-007,Domestic,93,5093972.0,4.5,31.7
6,SUP-041,Domestic,192,4883756.0,4.3,36.0
7,SUP-027,Domestic,121,4322709.0,3.8,39.8
8,SUP-043,Domestic,242,4263640.0,3.8,43.6
9,SUP-029,Import,197,4243097.0,3.7,47.3
10,SUP-049,Domestic,143,3564714.0,3.1,50.5
11,SUP-003,Domestic,45,3534714.0,3.1,53.6
12,SUP-015,Domestic,240,3239601.0,2.9,56.4
13,SUP-033,Domestic,145,3210026.0,2.8,59.3
14,SUP-046,Import,144,3107015.0,2.7,62.0
15,SUP-021,Import,147,2998914.0,2.6,64.7
16,SUP-050,Domestic,72,2950453.0,2.6,67.3
17,SUP-023,Domestic,107,2668881.0,2.4,69.6
18,SUP-004,Domestic,235,2599262.0,2.3,71.9
19,SUP-016,Domestic,61,2379519.0,2.1,74.0
20,SUP-008,Domestic,196,2076018.0,1.8,75.8
21,SUP-017,Domestic,88,2039114.0,1.8,77.6
22,SUP-013,Import,82,1836219.0,1.6,79.2
23,SUP-048,Domestic,55,1821586.0,1.6,80.8
24,SUP-030,Domestic,69,1611702.0,1.4,82.3
25,SUP-005,Import,94,1573096.0,1.4,83.7
26,SUP-011,Import,52,1560775.0,1.4,85.0
27,SUP-001,Domestic,93,1383891.0,1.2,86.3
28,SUP-002,Domestic,63,1382036.0,1.2,87.5
29,SUP-037,Domestic,60,1285170.0,1.1,88.6
30,SUP-040,Import,32,1261513.0,1.1,89.7
31,SUP-012,Domestic,154,1241452.0,1.1,90.8
32,SUP-032,Domestic,41,1107205.0,1.0,91.8
33,SUP-020,Domestic,24,1055567.0,0.9,92.7
34,SUP-026,Import,43,964246.0,0.9,93.6
35,SUP-031,Domestic,40,946055.0,0.8,94.4
36,SUP-009,Import,52,901757.0,0.8,95.2
37,SUP-018,Import,62,711590.0,0.6,95.8
38,SUP-036,Domestic,21,659113.0,0.6,96.4
39,SUP-006,Domestic,52,641475.0,0.6,97.0
40,SUP-019,Domestic,12,591384.0,0.5,97.5
41,SUP-025,Domestic,17,536386.0,0.5,98.0
42,SUP-039,Domestic,23,535012.0,0.5,98.4
43,SUP-024,Domestic,34,455453.0,0.4,98.8
44,SUP-042,Domestic,22,453010.0,0.4,99.2
45,SUP-028,Domestic,28,267134.0,0.2,99.5
46,SUP-035,Domestic,16,245203.0,0.2,99.7
47,SUP-014,Domestic,16,134197.0,0.1,99.8
48,SUP-047,Import,8,115432.0,0.1,99.9
49,SUP-044,Import,4,84498.0,0.1,100.0
50,SUP-038,Domestic,4,18066.0,0.0,100.0
