sku_id,category,on_hand_qty,avg_monthly_demand,months_of_supply,category_median_months,pct_rank_in_category,excess_value
SKU-00890,Plumbing,2096,170.5,12.3,2.7,0.96,238881.99
SKU-02516,Janitorial & Facility,5112,111.8,45.7,3.3,0.982,114222.52
SKU-03422,Janitorial & Facility,7652,133.5,57.3,3.3,0.991,48710.61
SKU-03901,Janitorial & Facility,18586,639.0,29.1,3.3,0.969,32011.84
SKU-04060,Safety & PPE,3778,162.0,23.3,2.5,0.987,31455.26
SKU-03937,Janitorial & Facility,2454,115.7,21.2,3.3,0.953,31046.4
SKU-00722,Plumbing,1620,46.3,35.0,2.7,0.992,31013.62
SKU-04161,Power Tools & Accessories,380,0.3,1140.0,3.4,1.0,30251.34
SKU-03179,Electrical,1215,66.0,18.4,2.6,0.975,30237.48
SKU-03184,Safety & PPE,2245,178.3,12.6,2.5,0.964,28399.75
SKU-00734,HVAC & Climate,162,13.0,12.5,3.3,0.962,26471.76
SKU-04474,Janitorial & Facility,1370,26.2,52.4,3.3,0.989,23592.85
SKU-04660,HVAC & Climate,1803,117.3,15.4,3.3,0.974,22133.86
SKU-02414,Janitorial & Facility,4937,107.5,45.9,3.3,0.984,19142.32
SKU-04271,Electrical,1706,0.2,10236.0,2.6,1.0,16640.8
SKU-03362,Safety & PPE,820,86.7,9.5,2.5,0.951,16527.0
SKU-01438,Safety & PPE,214,12.8,16.7,2.5,0.984,15646.77
SKU-03434,Janitorial & Facility,3070,124.0,24.8,3.3,0.962,15142.26
SKU-03099,Janitorial & Facility,1281,55.3,23.2,3.3,0.958,14527.35
SKU-04750,Plumbing,4345,235.7,18.4,2.7,0.977,13863.63
SKU-02167,Electrical,278,6.3,43.9,2.6,0.989,13567.2
SKU-02894,HVAC & Climate,875,15.0,58.3,3.3,0.996,11044.95
SKU-04393,HVAC & Climate,234,11.7,20.1,3.3,0.982,7845.76
SKU-00731,Hand Tools,2810,112.7,24.9,2.8,0.976,7597.04
SKU-00234,Fasteners & Fixings,4953,202.3,24.5,3.0,0.977,6804.98
