po_line_id,sku_id,supplier_id,order_date,promised_date,open_qty,on_hand_qty,avg_monthly_demand,months_cover_after_receipt,excess_qty_from_line,excess_value_from_line,ordered_at_moq,is_stale
PO-005444-03,SKU-02771,SUP-046,2025-12-04,2026-03-02,1832,982,293.0,9.6,1046.0,41505.28,False,False
PO-005132-04,SKU-02709,SUP-046,2025-11-02,2026-01-26,1860,2192,269.0,15.1,1860.0,27193.2,False,False
PO-004965-02,SKU-01169,SUP-005,2025-10-04,2025-12-29,3870,1016,337.8,14.4,2854.0,17694.8,False,False
PO-005101-05,SKU-02731,SUP-007,2025-11-02,2025-12-20,1215,3987,535.3,9.7,1215.0,12879.0,False,False
PO-005349-05,SKU-02166,SUP-033,2025-12-02,2026-01-07,2802,204,345.0,8.7,936.0,6935.76,False,False
PO-005471-02,SKU-00754,SUP-023,2025-12-05,2025-12-27,472,1338,122.3,14.7,472.0,5970.8,False,False
PO-005444-04,SKU-03243,SUP-046,2025-12-04,2026-03-01,215,218,40.2,10.8,192.0,5495.04,False,False
PO-005120-01,SKU-00532,SUP-029,2025-11-02,2026-01-14,255,22,37.5,7.4,51.0,5131.11,False,False
PO-005399-01,SKU-00163,SUP-046,2025-12-03,2026-02-24,1062,432,166.3,8.9,484.0,3199.24,False,False
PO-005091-04,SKU-03032,SUP-046,2025-11-01,2026-01-26,265,320,52.5,11.1,265.0,2928.25,False,False
PO-005399-02,SKU-00227,SUP-046,2025-12-03,2026-03-02,2100,1006,383.0,8.1,794.0,2739.3,False,False
PO-005379-04,SKU-02588,SUP-021,2025-12-03,2026-01-24,45,7,3.2,16.4,33.0,2210.01,True,False
PO-005374-04,SKU-00707,SUP-015,2025-12-03,2025-12-24,4250,531,288.5,16.6,3044.0,2191.68,False,False
PO-005091-05,SKU-03122,SUP-046,2025-11-01,2026-01-23,4550,0,676.8,6.7,489.0,1995.12,False,False
PO-005209-01,SKU-01118,SUP-029,2025-11-04,2026-01-21,96,88,21.3,8.6,56.0,1896.72,False,False
PO-005255-07,SKU-03045,SUP-029,2025-11-05,2026-01-20,400,398,41.0,19.4,400.0,1848.0,False,False
PO-005342-05,SKU-03956,SUP-026,2025-12-02,2026-02-25,1920,1216,405.3,7.6,656.0,1790.88,False,False
PO-005459-04,SKU-03314,SUP-011,2025-12-05,2026-03-04,410,246,68.5,9.5,238.0,1789.76,False,False
PO-005326-01,SKU-00159,SUP-009,2025-12-02,2026-01-26,875,0,119.0,13.7,875.0,1750.0,False,False
PO-005474-05,SKU-04045,SUP-029,2025-12-05,2026-02-17,485,93,71.7,7.9,139.0,1579.04,False,False
PO-005189-01,SKU-00159,SUP-009,2025-11-04,2025-12-29,750,0,119.0,13.7,750.0,1500.0,False,False
PO-005146-01,SKU-00738,SUP-011,2025-11-03,2026-01-31,516,166,71.8,9.5,251.0,1470.86,False,False
PO-005466-02,SKU-01877,SUP-018,2025-12-05,2026-01-28,588,122,92.5,7.6,152.0,1430.32,False,False
PO-005328-01,SKU-00676,SUP-011,2025-12-02,2026-02-25,9,18,2.0,13.5,9.0,1416.51,False,False
PO-005337-02,SKU-00521,SUP-021,2025-12-02,2026-01-21,32,52,8.0,10.4,32.0,1299.2,False,False
