sku_id,month_start,demand_qty,shipped_qty,lost_revenue,po_line_id,supplier_id,promised_date,last_receipt_date,root_cause,stockout_months_with_this_cause,lost_revenue_with_this_cause
SKU-00890,2024-10-01,1103,0,387770.68,PO-002154-01,SUP-007,2024-10-24,2025-02-21,SUPPLIER_LATE,2059,2938583.0
SKU-03334,2024-04-01,4123,2091,189992.0,PO-000794-01,SUP-003,2024-03-29,2024-04-04,SUPPLIER_LATE,2059,2938583.0
SKU-00890,2025-02-01,1799,1352,157147.32,PO-002154-01,SUP-007,2024-10-24,2025-02-21,SUPPLIER_LATE,2059,2938583.0
SKU-00444,2025-02-01,900,0,96552.0,PO-002993-01,SUP-013,2025-03-27,2025-03-23,ORDERED_TOO_LATE_OR_TOO_LITTLE,1759,2550965.0
SKU-02580,2024-09-01,11839,0,90568.35,PO-001844-06,SUP-005,2024-10-29,2024-10-26,ORDERED_TOO_LATE_OR_TOO_LITTLE,1759,2550965.0
SKU-00890,2024-08-01,1356,1119,83319.72,PO-001668-02,SUP-007,2024-08-22,2024-08-21,ORDERED_TOO_LATE_OR_TOO_LITTLE,1759,2550965.0
SKU-00444,2025-03-01,1083,314,82498.32,PO-002993-01,SUP-013,2025-03-27,2025-03-23,ORDERED_TOO_LATE_OR_TOO_LITTLE,1759,2550965.0
SKU-00890,2024-11-01,317,116,70663.56,PO-002154-01,SUP-007,2024-10-24,2025-02-21,SUPPLIER_LATE,2059,2938583.0
SKU-03264,2024-11-01,7234,2974,61216.2,PO-002385-01,SUP-019,2024-11-06,2024-11-04,ORDERED_TOO_LATE_OR_TOO_LITTLE,1759,2550965.0
SKU-02618,2024-08-01,126,35,51808.12,PO-001726-02,SUP-021,2024-08-21,2024-08-24,SUPPLIER_LATE,2059,2938583.0
SKU-02821,2024-12-01,1030,228,48930.02,PO-002462-05,SUP-007,2024-12-17,2025-01-07,SUPPLIER_LATE,2059,2938583.0
SKU-00890,2024-07-01,187,60,44648.12,PO-001498-02,SUP-007,2024-07-24,2024-07-22,ORDERED_TOO_LATE_OR_TOO_LITTLE,1759,2550965.0
SKU-03422,2025-02-01,3985,1602,37460.76,PO-003049-09,SUP-029,2025-03-23,2025-03-21,ORDERED_TOO_LATE_OR_TOO_LITTLE,1759,2550965.0
SKU-01913,2025-04-01,2372,1148,36046.8,PO-003063-06,SUP-046,2025-04-05,2025-04-05,ORDERED_TOO_LATE_OR_TOO_LITTLE,1759,2550965.0
SKU-04771,2025-12-01,153,34,28857.5,PO-005255-12,SUP-029,2026-01-18,,ORDERED_TOO_LATE_OR_TOO_LITTLE,1759,2550965.0
SKU-00166,2025-02-01,3284,1220,26584.32,PO-002860-01,SUP-007,2025-02-15,2025-02-10,ORDERED_TOO_LATE_OR_TOO_LITTLE,1759,2550965.0
SKU-03422,2025-05-01,2864,1182,26441.04,PO-003317-07,SUP-029,2025-05-17,2025-06-13,SUPPLIER_LATE,2059,2938583.0
SKU-02387,2024-04-01,562,263,26207.35,PO-000784-03,SUP-040,2024-04-30,2024-04-28,ORDERED_TOO_LATE_OR_TOO_LITTLE,1759,2550965.0
SKU-03365,2025-05-01,223,90,25707.57,PO-003694-03,SUP-002,2025-05-16,2025-05-14,ORDERED_TOO_LATE_OR_TOO_LITTLE,1759,2550965.0
SKU-02042,2024-03-01,428,143,25379.25,PO-000457-18,SUP-022,2024-02-25,2024-03-23,SUPPLIER_LATE,2059,2938583.0
SKU-00444,2024-04-01,283,47,25318.08,PO-000583-02,SUP-013,2024-04-26,2024-04-26,ORDERED_TOO_LATE_OR_TOO_LITTLE,1759,2550965.0
SKU-04641,2025-05-01,11037,3827,25162.9,PO-003342-10,SUP-005,2025-05-23,2025-05-29,SUPPLIER_LATE,2059,2938583.0
SKU-02725,2024-10-01,22028,10550,24792.48,PO-002117-06,SUP-015,2024-09-29,2024-10-10,SUPPLIER_LATE,2059,2938583.0
SKU-02020,2025-02-01,1834,11,24100.06,PO-003021-04,SUP-046,2025-03-28,2025-03-21,ORDERED_TOO_LATE_OR_TOO_LITTLE,1759,2550965.0
SKU-02821,2024-03-01,389,0,23732.89,PO-000172-02,SUP-007,2024-01-18,2024-07-01,SUPPLIER_LATE,2059,2938583.0
