month_end,inventory_value,mom_change,mom_change_pct,rolling_3m_avg_value,running_peak_value,days_of_inventory
2024-01-31,15846840.0,,,15846840.0,15846840.0,102.0
2024-02-29,14979221.0,-867618.0,-5.5,15413030.0,15846840.0,89.0
2024-03-31,14857799.0,-121422.0,-0.8,15227953.0,15846840.0,102.0
2024-04-30,14199799.0,-658000.0,-4.4,14678940.0,15846840.0,89.0
2024-05-31,14311440.0,111641.0,0.8,14456346.0,15846840.0,97.0
2024-06-30,14002086.0,-309355.0,-2.2,14171108.0,15846840.0,91.0
2024-07-31,14574361.0,572275.0,4.1,14295962.0,15846840.0,106.0
2024-08-31,14450393.0,-123968.0,-0.9,14342280.0,15846840.0,95.0
2024-09-30,14344384.0,-106008.0,-0.7,14456379.0,15846840.0,95.0
2024-10-31,14929354.0,584970.0,4.1,14574710.0,15846840.0,104.0
2024-11-30,14603706.0,-325649.0,-2.2,14625815.0,15846840.0,94.0
2024-12-31,15134423.0,530718.0,3.6,14889161.0,15846840.0,118.0
2025-01-31,14689450.0,-444973.0,-2.9,14809193.0,15846840.0,96.0
2025-02-28,14267311.0,-422139.0,-2.9,14697062.0,15846840.0,88.0
2025-03-31,14621843.0,354532.0,2.5,14526201.0,15846840.0,98.0
2025-04-30,15132790.0,510947.0,3.5,14673981.0,15846840.0,101.0
2025-05-31,15214547.0,81758.0,0.5,14989727.0,15846840.0,101.0
2025-06-30,15298948.0,84400.0,0.6,15215428.0,15846840.0,102.0
2025-07-31,15086070.0,-212878.0,-1.4,15199855.0,15846840.0,93.0
2025-08-31,16559274.0,1473204.0,9.8,15648097.0,16559274.0,116.0
2025-09-30,16378452.0,-180822.0,-1.1,16007932.0,16559274.0,101.0
2025-10-31,16672888.0,294436.0,1.8,16536871.0,16672888.0,106.0
2025-11-30,16869635.0,196747.0,1.2,16640325.0,16869635.0,104.0
2025-12-31,17291568.0,421932.0,2.5,16944697.0,17291568.0,113.0
